ProductCategoryID,ProductCategoryCode,ParentProductCategoryCode,ProductCategoryName
20000,10000000,NULL,Consumer Electronics
20001,10100000,10000000,TVs
20010,10102000,10100000,TVs 4:3 Screen
20003,10102002,10102000,4:3 < 27 cm Screen
20004,10102003,10102000,4:3 27/28 cm  Screen
20005,10102004,10102000,4:3 36/37 cm  Screen
20006,10102005,10102000,4:3 40 cm  Screen
20007,10102006,10102000,4:3 42 cm  Screen
20008,10102007,10102000,4:3 45 cm  Screen
20009,10102008,10102000,4:3 50 cm  Screen
20011,10102010,10102000,4:3 51 cm  Screen
20012,10102020,10102000,4:3 55 cm  Screen
20013,10102030,10102000,4:3 63 cm  Screen
20014,10102050,10102000,4:3 70-74 cm  Screen
20015,10102060,10102000,4:3 from 80 cm  Screen
20018,10104000,10100000,TVs 16:9 Screen
20017,10104020,10104000,16:9 40 cm Screen
20019,10104030,10104000,16:9 49-51 cm Screen
20020,10104040,10104000,16:9 60 cm Screen
20021,10104050,10104000,16:9 70 cm Screen
20022,10104060,10104000,16:9 ab 82 cm Screen
20023,10104500,10100000,LCD-TVs
21253,10104505,10104500,"up to 17"" (43cm)"
21204,10104508,10104500,"17-19"" (43-48cm)"
21205,10104512,10104500,"20-21"" (51-53cm)"
21255,10104515,10104500,"22-25"" (56-64cm)"
21256,10104520,10104500,"26-29"" (66-74cm)"
21257,10104525,10104500,"30-36"" (76-91cm)"
21258,10104530,10104500,"37-39"" (94-99cm)"
21351,10104555,10104500,"40-45"" (100-114cm)"
21352,10104560,10104500,"46-51"" (117-129cm)"
21353,10104565,10104500,"52-59"" (132-150cm)"
21354,10104570,10104500,"60-69"" (152-175cm)"
21844,10104575,10104500,"ab 70"" (178cm)"
21267,10105000,10100000,Plasma TVs
21268,10105010,10105000,"30-36"" (76-91cm)"
21269,10105020,10105000,"37-39"" (94-99cm)"
21355,10105040,10105000,"40-45"" (100-114cm)"
21356,10105050,10105000,"46-51"" (117-129cm)"
21357,10105060,10105000,"52-59"" (132-150cm)"
21358,10105070,10105000,"from 60"" (152cm)"
21380,10105500,10100000,OLED-TVs
21363,10105505,10105500,"bis 59"" (150cm)"
21845,10105510,10105500,"60-69"" (152-175cm)"
21846,10105515,10105500,"ab 70"" (178cm)"
20028,10106000,10100000,Projectors
20029,10106010,10106000,LCD Projectors
21153,10106015,10106000,DLP Projectors
21152,10106030,10106000,Tube Projectors
20030,10106035,10106000,Rear Projection
20031,10107000,10100000,TV combinations
20027,10107005,10107000,LCD-TV  combinations
20032,10107010,10107000,TV combinations up to 50 cm Screen
20033,10107020,10107000,TV combinations from 50 cm Screen
20036,10200000,10000000,Blu-ray / DVD / Video
20037,10200500,10200000,Videoplayers
20038,10200510,10200500,Videoplayers- VHS
20039,10200520,10200500,Videoplayers - 8mm
20040,10200530,10200500,Videoplayers - Hi 8
21202,10200540,10200500,Videoplayers - Digital 8
20041,10200800,10200000,DVD / Digital Video
20042,10200805,10200800,PictureDisc-Players
20043,10200810,10200800,CDI players
20044,10200820,10200800,VCD players
20045,10200830,10200800,DVD players
21169,10200835,10200800,DVD changers
21225,10200840,10200800,DVD recorders
21317,10200845,10200800,DVD recorders + HDD
21226,10200850,10200800,DVD combinations
21437,10200852,10200800,HD-DVD-Player
21318,10200855,10200800,Blu-ray-Player
21488,10200857,10200800,Blu-ray-Player + Festplatte
21319,10200860,10200800,Blu-ray recorders
21438,10200865,10200800,Blu-ray-Rekorder + Festplatte
21799,10200868,10200800,Ultra HD Blu-ray Player
21835,10200869,10200800,Ultra HD Blu-ray Player + Festplatte
21320,10200870,10200800,Media Centers
20047,10200880,10200800,Digital VCRs
20046,10201000,10200000,VCR
20048,10201010,10201000,VHS Mono
20049,10201020,10201000,VHS HiFi
20050,10201030,10201000,S-VHS HiFi
20051,10201040,10201000,8 mm
20052,10201050,10201000,Hi 8
20053,10201060,10201000,Video8/Hi8-VHS-combinations
21172,10201070,10201000,DV/S-VHS combinations
20054,10201090,10201000,Beta
20066,10204000,10200000,Video Editing
20067,10204010,10204000,Schnittsteuergeräte/Computer
20068,10204015,10204000,Video Mixers
20069,10204017,10204000,Video/Audio Umschalter
20070,10204020,10204000,Video Printer
20071,10204025,10204000,Titel/Zeichen-Generatoren
21439,10250000,10000000,Foto / Camcorder
20063,10251000,10250000,Digital Photo
20064,10251010,10251000,Digital cameras
21441,10251015,10251000,Digitale Systemkameras
21442,10251020,10251000,Digitale Spiegelreflexkameras
21291,10251030,10251000,Digital Frames
20065,10251040,10251000,Film zu Video Kopierer
21591,10251050,10251000,Sofortbildkameras
20055,10252000,10250000,Camcorder
21287,10252010,10252000,DVD camcorders
21288,10252020,10252000,HDD Camcorders
21592,10252030,10252000,Action-Camcorder
21290,10252040,10252000,Mini-DV Camcorder
20057,10252050,10252000,VHS normal
20058,10252055,10252000,S-VHS
20059,10252060,10252000,VHS-C
20060,10252065,10252000,S-VHS-C
20061,10252070,10252000,8 mm
20062,10252080,10252000,Hi 8
21014,10252085,10252000,Digital 8
20072,10300000,10000000,Sound
20073,10301000,10300000,Units
20074,10301010,10301000,Amplifiers
20075,10301012,10301000,Equalizers
20076,10301015,10301000,A/V Surround Amplifier
20077,10301020,10301000,Pre Amp
20078,10301025,10301000,Amplifier
21593,10301027,10301000,Netzwerk-Audio Player
20079,10301030,10301000,Tuner
20080,10301032,10301000,DSR-Tuner
20081,10301033,10301000,ADR-Tuner
20082,10301035,10301000,Receiver
20083,10301038,10301000,CD-Receiver
20084,10301039,10301000,CD-Vollverstärker
20085,10301040,10301000,A/V Receivers
20086,10301041,10301000, AV Amplifier/Receiver 
20087,10301042,10301000,CD-Klang-Effekt Receiver
21170,10301043,10301000,DVD A/V Surround Receiver
21489,10301044,10301000,Blu-ray-Klang-Effekt Receiver
20088,10301045,10301000,Tapedecks
20089,10301050,10301000,Double Tapedecks
20090,10301052,10301000,Tape changers
20091,10301055,10301000,CD Players
20092,10301060,10301000,CD Changers
20093,10301061,10301000,CD Recorders
20094,10301062,10301000,CD/Tape Combinations
20095,10301063,10301000,CD/MD Combination
20096,10301064,10301000,CD-/MD Receivers
20097,10301065,10301000,DAT Recorders
20098,10301070,10301000,MD Recorders
20099,10301072,10301000,Double MD Recorders
20100,10301075,10301000,DCC Recorders
20101,10301080,10301000,Turntables
20102,10301090,10301000,Other HiFi Units
20103,10302000,10300000,Loudspeakers
20104,10302010,10302000,Stereo Loudspeakers (passive)
20105,10302020,10302000,Stereo Loudspeakers (active)
20106,10302030,10302000,Stereo Subwoofersystems (passive)
20107,10302035,10302000,Stereo Subwoofersystems (active)
20108,10302040,10302000,A/V Loudspeakers (passive)
20109,10302045,10302000,A/V Loudspeakers (active)
21618,10302047,10302000,Soundbars/TV-Soundsysteme
21227,10302050,10302000,Subwoofer (passive)
21228,10302055,10302000,Subwoofer (active)
20110,10302070,10302000,Multimedia Loudspeakers (passive)
20111,10302080,10302000,Multimedia Loudspeakers (active)
20112,10305000,10300000,HiFi / AV Systems
20113,10305010,10305000,Micro systems
20114,10305020,10305000,Mini systems
20115,10305030,10305000,Midi systems
20116,10305040,10305000,HiFi systems
21229,10305050,10305000,Home cinema
20117,10305090,10305000,Portable Audio-systems
20118,10309000,10300000,Headphones / Micrphone / Others
20119,10309010,10309000,Wired Headphones
20120,10309020,10309000,Wireless Headphones
20121,10309025,10309000,Headsets
20123,10309040,10309000,Mikrofone
20124,10309050,10309000,Mixers
20125,10309060,10309000,Audio-Umschalter/ Verteiler
20126,10400000,10000000,Portable Audio/Video
20143,10400700,10400000,MP3 / CD / DVD / Mediaplayer
21171,10400705,10400700,MP3 / Multimedia Players
21366,10400708,10400700,Soundstations
20144,10400710,10400700,CD-Player
20145,10400715,10400700,CD-Player with Radio
20156,10400718,10400700,DVD-Player
20146,10400720,10400700,MD-Player
20147,10400723,10400700,MD-Player with Radio
20148,10400725,10400700,MD-Recorder
20149,10400730,10400700,DAT-Player
20150,10400735,10400700,DAT-Recorder
20151,10400740,10400700,DCC-Player
20152,10400745,10400700,DCC-Recorder
20153,10400750,10400700,NT-Recorder
21207,10400765,10400700,SD-Player
20154,10400770,10400700,Mini-DV-Rekorder
20155,10400780,10400700,VCD-Player
20127,10401000,10400000,Portable Cassette player with earphones
20128,10401010,10401000,Portable Cassette player with earphones
20129,10401015,10401000,Portable Cassetterecorder with earphones
20130,10401020,10401000,Port. Cassette player with Radio + earphones
20131,10401025,10401000,Portable Radio Cassette with earphones
20132,10401200,10400000,Portable Cassette (with speaker)
20133,10401210,10401200,Portable Cassette player with speaker
20134,10401215,10401200,Portable Cassetterecorder with speaker
20135,10401220,10401200,Port. Cassette player with Radio + speaker
20136,10401225,10401200,Portable Radio Cassette with speaker
20137,10401500,10400000,Voice Recorders
20138,10401510,10401500,Portable Voice Recorders (cassette)
20139,10401520,10401500,Voice Recorders (cassette)
20140,10401530,10401500,Portable Voice Recorders (microcassette)
20141,10401540,10401500,Voice Recorders (microcassette)
20142,10401550,10401500,Digital Voice Recorders
20157,10403000,10400000,Radio Cassettes
20158,10403010,10403000,Radio Cassettes (mono)
20159,10403015,10403000,Radio Cassettes with 1 Deck (stereo)
20160,10403016,10403000,Radio Cassettes with 2 Decks (stereo)
20161,10403020,10403000,CD/ Radio Cassettes with 1 Deck
20162,10403025,10403000,CD/ Radio Cassettes with 2 Decks
20163,10403030,10403000,MD/ Radio Cassettes
20164,10403035,10403000,MD/ Radio Cassettes with 1 Deck
20165,10403040,10403000,MD/CD Radio Cassettes with 1 Decks
20166,10403045,10403000,Radio Recorders with CD + MD
20167,10405000,10400000,Radio
20168,10405010,10405000,Worldreceivers
20169,10405015,10405000,Worldreceivers with cassette player
20170,10405020,10405000,Portable Radios with earphones
20171,10405025,10405000,Portable Radios with speaker
20172,10405030,10405000,Portable Radios
21009,10405035,10405000,Radios with CD player
20173,10405040,10405000,Home Radios
21367,10405045,10405000,Internetradios
20174,10405050,10405000,Clockradios
20175,10405055,10405000,Clockradios with cassette player
20176,10405060,10405000,Clockradios wih CD player
20177,10600000,10000000,Satellite Equipment
20178,10601000,10600000,Satellite systems
20179,10601005,10601000,Satellite systems
21259,10601500,10600000,Receiver
20182,10601505,10601500,SAT-Receiver (analogue)
20183,10601510,10601500,DVB-S Receiver
21242,10601520,10601500,"DVB-T Receiver "
21241,10601530,10601500,"DVB-C Receiver "
20184,10601550,10601500,Multireceiver
20180,10602000,10600000,Satellite components
20185,10602015,10602000,Satellite Dishes
20186,10602020,10602000,Satellite Positioning
20187,10602025,10602000,Switch Matrix
20188,10602030,10602000,LNCs
20189,10602040,10602000,AV Signal Conversion
20190,10603000,10600000,Terrestrial Antennas
20191,10603010,10603000,Room Antennas
20192,10603020,10603000,Terrestrial Roof Antennas
21155,10608000,10600000,Signalmeters
21156,10608020,10608000,Antenna-Signalmeters
21157,10608040,10608000,Satellite-Signalmeters
20200,10700000,10000000,Aufnahme- / Speichermedien
20201,10701000,10700000,Audio-Kassetten
20202,10701005,10701000,Audio-Kompact-Kassetten
20203,10701010,10701000,Audio-Mini-Kassetten
20204,10701015,10701000,Audio-Micro-Kassetten
20205,10702000,10700000,digitale Speichermedien
20206,10702010,10702000,DCC-Kassetten
20207,10702015,10702000,DAT-Kassetten
20208,10702020,10702000,Mini-Discs
20209,10702030,10702000,NT-Kassetten
20210,10702040,10702000,Mini-Digital-Video-Kassetten
20211,10702050,10702000,Standard-Digital-Video-Kassetten
20212,10702060,10702000,CD-R/ CD-RW
21364,10702065,10702000,Blu-ray Discs
21365,10702070,10702000,DVD-R /DVD-RW
21595,10702075,10702000,SD Speicherkarten
21596,10702077,10702000,microSD Speicherkarten
21597,10702080,10702000,CF Speicherkarten
21598,10702085,10702000,XQD Speicherkarten
21599,10702090,10702000,Memory Sticks
21600,10702093,10702000,CFast Speicherkarten
21601,10702095,10702000,sonstige Speicherkarten
20213,10703000,10700000,Video-Kassetten
20214,10703005,10703000,VHS-Kassetten
20215,10703010,10703000,S-VHS-Kassetten
20216,10703015,10703000,VHS-C-Kassetten
20217,10703020,10703000,S-VHS-C-Kassetten
20218,10703025,10703000,Video-8 Kassetten
20219,10703030,10703000,Hi 8 Video-Kassetten
20220,10703035,10703000,Video-2000 Kassetten
20221,10704000,10700000,Audio-Reinigungs-Kassetten
20222,10704010,10704000,Naßreinigungs-Kassetten
20223,10704020,10704000,Trockenreinigungs-Kassetten
20224,10705000,10700000,Video-Reinigungs-Kassetten
20225,10705010,10705000,VHS-Naßreinigungs-Kassetten
20226,10705015,10705000,VHS-Trockenreinigungs-Kassetten
20227,10705020,10705000,VHS-C-Naßreinigungs-Kassetten
20228,10705025,10705000,VHS-C-Trockenreinigungs-Kassetten
20229,10705030,10705000,8 mm-Naßreinigungs-Kassetten
20230,10705035,10705000,8 mm-Trockenreinigungs-Kassetten
20231,10705040,10705000,Digital-Video-Reinigungskassette
20232,10705045,10705000,Video-Reinigungs-Set´s
20233,10706000,10700000,Reinigungs-CDs/ MDs
20234,10706010,10706000,Reinigungs-CDs/ MDs für Geräte
20235,10706020,10706000,Reinigungs-Sets für CDs
21700,10800000,10000000,Virtual-/Augmented-Reality
21701,10805000,10800000,Virtual-/Augmented-Reality
21702,10805040,10805000,Brille
21703,10805090,10805000,sonstiges Virtual-/Augmented-Reality Produkt
20236,10900000,10000000,Zubehör Unterhaltungselektronik
20237,10901000,10900000,TV-Zubehör
20238,10901002,10901000,TV-Nachrüstsätze
20239,10901005,10901000,TV-Dekoder
20240,10901010,10901000,TV- / Universal-Fernbedienungen
20241,10901020,10901000,Zubehör tragbare LCD-TVs
20242,10901030,10901000,Projektoren-Zubehör
20243,10901090,10901000,Sonstiges TV-Zubehör
20244,10901500,10900000,Foto / Video-Zubehör
20245,10901502,10901500,Video-Nachrüstsätze
20246,10901505,10901500,Linsen/Objektive
20247,10901510,10901500,Filter
20248,10901515,10901500,Beleuchtung
20249,10901520,10901500,Stative
20250,10901525,10901500,Video-Taschen/Koffer
20251,10901530,10901500,Video-Lade/Netzadapter
20252,10901535,10901500,Video-Akkus
20254,10901542,10901500,A/V-Umschalter/Verteiler
20255,10901545,10901500,Video-Fernbedienungen
20256,10901550,10901500,Video-Mikrofone
20257,10901555,10901500,Gehäuse
20258,10901560,10901500,CDI-Zubehör
20259,10901570,10901500,Projektionswände
20260,10901580,10901500,Video-Kassetten Aufbewahrung
20261,10901590,10901500,Sonstiges Video-Zubehör
20262,10902000,10900000,Audio-Zubehör
20263,10902010,10902000,Audio-Fernbedienungen
20264,10902030,10902000,Phono-Zubehör
20265,10902040,10902000,Lautsprecher  Zubehör
20266,10902050,10902000,Kopfhörer Zubehör
20267,10902060,10902000,Mikrofon Zubehör
20268,10902080,10902000,Tonträger Aufbewahrung
20269,10902090,10902000,Sonstiges Audio-Zubehör
20270,10902500,10900000,MP 3/Audio-Portable-Zubehör
20271,10902505,10902500,Taschen/Armbänder
20272,10902510,10902500,Lade/Netzadapter
20273,10902515,10902500,Akkus
20274,10902520,10902500,Verbindungs-Kabel
20275,10902525,10902500,Fernbedienungen
20276,10902530,10902500,Mikrofone
21368,10902532,10902500,FM-Transmitter
20277,10902535,10902500,Sonstiges MP 3-/Audio-Portable-Zubehör
20278,10903000,10900000,Sat- / Empfangstechnik-Zubehör
20279,10903005,10903000,Antennenmasten
20280,10903008,10903000,Montagezubehör
20281,10903010,10903000,Polarmounts
20282,10903015,10903000,Kunststoffdachziegel
20283,10903020,10903000,Antennenverstärker
21021,10903022,10903000,Antennenverteiler (aktiv)
21023,10903023,10903000,Antennenverteiler (passiv)
21024,10903024,10903000,Antennenabzweiger
20284,10903025,10903000,Antennenweichen
20285,10903027,10903000,Antennensteckdosen
21154,10903029,10903000,Antennenstecker und Adapter
20286,10903030,10903000,Sat.-Receiver-Nachrüstsätze
21847,10903040,10903000,CI-Module
20287,10903090,10903000,Sonstiges SAT-Zubehör
20293,10907000,10900000,Verbindungskabel / Adapter
20294,10907020,10907000,Audio-Verbindungskabel/Adapter
21025,10907025,10907000,Lautsprecherkabel
20295,10907030,10907000,Video-Verbindungskabel/Adapter
20296,10907040,10907000,Antennen-Verbindungskabel/Adapter
20297,10907050,10907000,Netzkabel/Adapter
20298,10907500,10900000,Stromversorgungen
20299,10907530,10907500,Universal-Netzteile/Ladegeräte
21848,10907535,10907500,Powerbanks
20300,10907540,10907500,Akku-Ladegeräte
20301,10907550,10907500,Batterie-Tester
20302,10907560,10907500,Zeitschaltuhr/Timer
21602,10907565,10907500,Knopfzellen-Batterien
21603,10907568,10907500,9V Block-Batterien
21604,10907571,10907500,Micro-Batterien
21605,10907574,10907500,Mignon-Batterien
21606,10907577,10907500,Baby-Batterien
21607,10907580,10907500,Mono-Batterien
21608,10907583,10907500,Sonstige-Batterien
21609,10907585,10907500,Micro-Akkus
21610,10907587,10907500,Mignon-Akkus
21611,10907590,10907500,Sonstige-Akkus
20303,10908000,10900000,Audio / Video-Möbel
20304,10908010,10908000,TV/Video-Konsolen/Standfüße
20305,10908015,10908000,TV/Video-Konsolen mit Lautspr.
20306,10908020,10908000,Audio-Konsolen/Racks
20307,10908030,10908000,AV-Universal-Konsolen/Halterungen
20308,10908040,10908000,Lautsprecher-Füße/Ständer/Halter
21173,10908090,10908000,AV-Möbel-Zubehör
20309,10909000,10900000,elektronisches Spielzeug
20310,10909010,10909000,elektronisches Spielzeug
21381,11000000,NULL,Unterhaltungs- / Speichermedien
21382,11100000,11000000,Unterhaltungsmedien
21383,11101000,11100000,CDs / MCs
21384,11101010,11101000,CDs
21385,11101020,11101000,MCs
21386,11102000,11100000,Blu-rays / DVDs
21387,11102010,11102000,Blu-rays
21388,11102020,11102000,DVDs
20311,13000000,NULL,Car-Audio & Navigation
20312,13100000,13000000,Autoradiokomponenten
20313,13101000,13100000,Einzelgeräte
20314,13101005,13101000,Solo-Autoradios
20315,13101010,13101000,Kassetten-Autoradios
20316,13101015,13101000,MD-Autoradios
20317,13101020,13101000,CD-Autoradios
20318,13101025,13101000,CD/ MD-Autoradios
20319,13101030,13101000,CD-Wechsler
20320,13101035,13101000,MD-Wechsler
20321,13101040,13101000,CD/ Kassetten-Kombi-Autoradios
21265,13101050,13101000,DVD-Autoradios
20322,13101500,13100000,Komplettsysteme
20323,13101505,13101500,Autoradio + CD-Wechsler (Set)
20324,13101510,13101500,Autoradio + MD-Wechsler (Set)
20325,13101515,13101500,Kass./Autoradio + CD-Wechsler (Set)
20326,13101520,13101500,CD/Autoradio + CD-Wechsler (Set)
20327,13101530,13101500,MD/Autoradio + CD-Wechsler (Set)
20328,13101535,13101500,CD/MD/Autoradio + CD-Wechsler (Set)
20329,13101540,13101500,Kass./Autoradio + MD-Wechsler (Set)
20330,13101550,13101500,CD/Autoradio + MD-Wechsler (Set)
20331,13101560,13101500,MD/Autoradio + MD-Wechsler (Set)
20332,13101580,13101500,Autoradio + GSM-Telefon
20333,13200000,13000000,Empfangsgeräte
20334,13201000,13200000,DAB-Empfangsgeräte
20335,13201010,13201000,DAB-Einzelempfänger
20336,13300000,13000000,Verstärkertechnik
20337,13301000,13300000,Verstärker
20338,13301010,13301000,Vorverstärker (analog)
20339,13301015,13301000,Vorverstärker (digital)
20340,13301030,13301000,Endstufen (mono)
20341,13301035,13301000,Endstufen (mehrkanalig)
20342,13500000,13000000,Klangregel-Geräte
20343,13501000,13500000,Effektgeräte
20344,13501010,13501000,Equalizer
20345,13501015,13501000,Digitale-Audio-Prozessoren
20346,13502000,13500000,Frequenzweichen
20347,13502010,13502000,Aktive Frequenzweichen
20348,13502015,13502000,Passive Frequenzweichen
20349,13502020,13502000,DSP Frequenzweichen
20350,13600000,13000000,Lautsprecher
20351,13601000,13600000,Einzel-Einbaulautsprecher
20352,13601010,13601000,Einzel-Hochtöner
20353,13601020,13601000,Einzel-Mitteltöner
20354,13601030,13601000,Einzel-Tieftöner
20355,13601050,13601000,Subwoofer (passiv)
20356,13601060,13601000,Einzel Subwoofer (aktiv)
20357,13602000,13600000,Einbau-Lautsprecher-Systeme
20358,13602010,13602000,Einchassis-Einbau-Lautsprecher
20359,13602030,13602000,Mehrchassis-Einbau-LS (Set)
20360,13602040,13602000,Aufbau-Lautsprecher
20361,13602050,13602000,bestückte Soundboards/Ablage
20362,13605000,13600000,Kfz-spez. Einzel-Lautsprecher
20363,13605010,13605000,Kfz-spez. Einzel-Hochtöner
20364,13605020,13605000,Kfz-spez. Einzel-Mitteltöner
20365,13605030,13605000,Kfz-spez. Einzel-Tieftöner
20366,13606000,13600000,Kfz-spez. Lautsprecher-Systeme
20367,13606010,13606000,Kfz-spez. Einchassis-Lautsprecher
20368,13606030,13606000,Kfz-spez. Mehrchassis-LS (Set)
20369,13700000,13000000,Multimedia / Navigation
20370,13701000,13700000,Navigationsgeräte
21011,13701003,13701000,Car-Navigation + Kass./Radio
21010,13701005,13701000,Car-Navigation + CD-Radio
21266,13701007,13701000,Car-Navigation + DVD-Radio
20371,13701010,13701000,Car-Navigationssysteme (Solo)
21263,13701020,13701000,Ein-/Aufbau-Navigationsgeräte
21264,13701030,13701000,tragbare Navigationsgeräte
21491,13701040,13701000,Outdoor-/ Sport-Navigationsgeräte
21321,13701200,13700000,Digitale Karten
20399,13701210,13701200,digitale Straßenkarten
20372,13705000,13700000,Monitore / Displays
20373,13705010,13705000,Car-Monitore / Displays
20374,13706000,13700000,DVD / Video
20375,13706010,13706000,Car-DVD-Spieler
20376,13706020,13706000,Car-Videosysteme
20377,13800000,13000000,Antennen / Steuergeräte
20378,13801000,13800000,Funktions-Steuergeräte
20379,13801010,13801000,CD-Wechsler-Steuergeräte
20380,13801020,13801000,MD-Wechsler-Steuergeräte
20381,13801050,13801000,Multifunkt.-Steuerg./ Fernbedienung
20382,13801060,13801000,Sprachsteuerungs-Geräte
21176,13802000,13800000,Auto-Antennen
20396,13802010,13802000,Autoradio-Antennen
21177,13802020,13802000,Kombi-Antennen
21178,13802030,13802000,Funk-Antennen
21179,13802040,13802000,DAB-Antennen
21180,13802050,13802000,GPS-Antennen
20383,13900000,13000000,Zubehör Car-Multimedia/Navigation
20384,13901000,13900000,Mechanisches Car-Zubehör
20385,13901010,13901000,Autoradio-Einbaurahmen
20386,13901030,13901000,Wechslermagazine
20387,13901040,13901000,Lautsprecher-Einbaurahmen/ -Gehäuse
20388,13901050,13901000,Lautsprecher-Abdeckungen
21443,13901055,13901000,Universal-Halterungen
20389,13901060,13901000,unbestückte Soundboards/Ablage
20390,13901090,13901000,sonstiges mechanisches Zubehör
20391,13902000,13900000,Elektronisches Car-Zubehör
20392,13902010,13902000,Stützkondensatoren
20393,13902015,13902000,Entstörfilter
20394,13902020,13902000,Verbindungskabel
20395,13902030,13902000,Adapter
20397,13902090,13902000,sonstiges elektronisches Zubehör
21181,13903000,13900000,Auto-Antennen Zubehör
21182,13903010,13903000,Antennenstäbe
21183,13903020,13903000,Antennenfüße
21184,13903030,13903000,passive Antennenweiche
21185,13903040,13903000,aktive Antennenweiche
21186,13903050,13903000,Antennen-Verbindungskabel
21187,13903060,13903000,Kfz-spez. Antennenzubehör
21188,13903070,13903000,sonstiges Antennenzubehör
20398,13904000,13900000,Navigationsgeräte-Zubehör
21323,13904015,13904000,Taschen
21324,13904020,13904000,Adapter / Kabel / Stecker
21325,13904030,13904000,Lade-/ Netzteile
21326,13904040,13904000,Halterungen
21327,13904050,13904000,sonstiges Navigationsgeräte-Zubehör
20400,13906000,13900000,Tonträger-Aufbewahrungszubehör
20401,13906010,13906000,Kassetten-Aufbewahrungszubehör
20402,13906020,13906000,CD-Aufbewahrungszubehör
20403,15000000,NULL,Kommunikation / Wearables
20404,15100000,15000000,Stationäre Kommunikation
20405,15101000,15100000,Festnetztelefone
20406,15101010,15101000,Schnurgebunden
20407,15101015,15101000,Schnurgebunden + AB
20408,15101020,15101000,Schnurlos (Set)
20409,15101021,15101000,Schnurlos Solo-Handteil
20410,15101022,15101000,Schnurlos Solo-Basisstation
20411,15101025,15101000,Schnurlos + AB
20412,15101030,15101000,Schnurlos + Schnurgeb.
20413,15101035,15101000,Schnurlos + Schnurgeb. + AB
21379,15101038,15101000,IP-Telefone Schnurlos
21444,15101039,15101000,IP-Telefone Schnurgebunden
21209,15101040,15101000,ISDN-Schnurlos Solo-Basisstation
20414,15101045,15101000,ISDN-Schnurlos (Set)
20415,15101046,15101000,ISDN-Schnurlos Solo-Handteil
21208,15101047,15101000,ISDN-Schnurlos (Set) + AB
21026,15101048,15101000,ISDN-Schnurlos + Schnurgeb.
21027,15101049,15101000,ISDN-Schnurlos + Schnurgeb. + AB
20416,15101050,15101000,Schnurgebundene ISDN-Telefone
20417,15101055,15101000,Schnurgebundene ISDN-Telefone + AB
21704,15101080,15101000,Videokonferenz Endgerät/System
20418,15101090,15101000,System-Telefone für TK-Anlagen
20419,15102000,15100000,Telefonanlagen
20420,15102010,15102000,Analoge TK-Anlagen
20421,15102020,15102000,ISDN TK-Anlagen
21445,15102030,15102000,IP-Telefonanlagen
20422,15103000,15100000,Telefon- / TK-Anlagen-Kombinationen
20423,15103010,15103000,ISDN-Tel./TK-Anlage
20424,15103020,15103000,ISDN-Tel./TK-Anlage+div. Endgeräte
20425,15105000,15100000,Schnurlose Endgeräte
20426,15105010,15105000,Schnurlose Terminal-Adapter
20427,15200000,15000000,Telefax-Geräte
20428,15201000,15200000,Telefaxe
20429,15201010,15201000,Fax (Solo)
20430,15201020,15201000,Fax + Telefon
20431,15201030,15201000,Fax + Telefon + AB
20432,15300000,15000000,Anrufbeantworter
20433,15301000,15300000,Anrufbeantworter
20434,15301010,15301000,Digitale-Anrufbeantw.
20435,15301020,15301000,Analoge-Anrufbeantworter
20436,15301030,15301000,Telefonansagegeräte
20437,15301040,15301000,Telefon-Computer
20438,15500000,15000000,Mobile Kommunikation
20439,15501000,15500000,Mobil-Telefone
21493,15501010,15501000,Handys
21494,15501020,15501000,Smartphones
21495,15501030,15501000,Seniorenhandys
20440,15501035,15501000,E-Netz-Handys (GSM 1800 MHz)
20441,15501045,15501000,D-Netz-Handys (GSM 900 MHz)
20443,15501055,15501000,C-Netz-Handys (analog)
20444,15501060,15501000,TACS-Netz-Handys (Austria)
21189,15501070,15501000,Dual-/DECT-Handys (GSM)
21237,15502000,15500000,Vertrags- / Wertkarten-Endgeräte
21238,15502010,15502000,Vertrags-Endgeräte
21239,15502020,15502000,Wertkarten-Endgeräte
20445,15502800,15500000,Portable-Funkrufempfänger
20446,15502810,15502800,Pager
21613,15700000,15000000,Smart Wearables
21614,15701000,15700000,Smart Wearables
21615,15701010,15701000,Smartwatches
21616,15701020,15701000,Activity Tracker / Smartband
21617,15701030,15701000,Sport- / Outdoor-Uhren
20447,15900000,15000000,Zubehör Telekommunikation
20448,15901000,15900000,Festnetztelefone-Zubehör
20449,15901005,15901000,Zubehör schnurgebundene Telefone
20450,15901010,15901000,Zubehör schnurlose Telefone
20451,15901011,15901000,Ladeteile für schnurlose Telefone
20452,15901012,15901000,Akkus für schnurlose Telefone
20453,15901500,15900000,Telefonanlagen-Zubehör
20454,15901505,15901500,ISDN-Telefonanlagen-Zubehör
20455,15901510,15901500,Analog-Telefonanlagen-Zubehör
21487,15901515,15901500,IP-Telefonanlagen-Zubehör
20456,15901520,15901500,Türsprecheinrichtungen
20457,15901700,15900000,Tel./TK-Anlagen-Kombinationen-Zubehör
20458,15901705,15901700,ISDN-Tel./TK-Anlagen-Zubehör
20459,15901710,15901700,ISDN-Tel./TK-Anl.+Endgeräte-Zubehör
20460,15901800,15900000,Anschlußtechnik
20461,15901820,15901800,Anschlußdosen für TK-Anlagen
20462,15901825,15901800,Anschlußdosen für Telefone
20463,15901840,15901800,Adapter / Kabel / Stecker
20464,15901890,15901800,autom. Telefon-Netzwahlschalter
20465,15902000,15900000,Telefax-Zubehör
20466,15902010,15902000,Telefax-Zubehör
20467,15902500,15900000,Anrufbeantworter-Zubehör
20468,15902505,15902500,Anrufbeantworter-Zubehör
20469,15904000,15900000,Mobiltelefone-Zubehör
21240,15904005,15904000,Wertkarten/Bons
21158,15904010,15904000,Taschen
21159,15904020,15904000,Schutz-/Design-Covers
21849,15904023,15904000,Displayschutz für Mobiltelefone
21160,15904025,15904000,Portable Freisprecheinrichtungen
21161,15904030,15904000,Adapter / Kabel / Stecker
20471,15904040,15904000,Lade-/ Netzteile
20472,15904050,15904000,Akkus
21162,15904080,15904000,Ersatzantennen
20470,15904090,15904000,Sonstiges Mobiltelefon-Zubehör
21018,15905000,15900000,Autozubehör Mobilfunk
21163,15905010,15905000,Kfz-Freisprecheinrichtungen
21164,15905015,15905000,Kfz-Mobiltelefon-Halterung (aktiv)
21165,15905016,15905000,Kfz-Mobiltelefon-Halterung (passiv)
21019,15905020,15905000,Mobilfunk-Antennen
21020,15905025,15905000,Mobilfunk-/Radio-Antennen
21167,15905030,15905000,Kfz-Adapter / Kabel / Stecker
21168,15905090,15905000,Sonstiges Kfz-Mobilfunk-Zubehör
21705,15907000,15900000,Smart Wearables Zubehör
21706,15907010,15907000,Smartwatches-Zubehör
21707,15907020,15907000,Activity Tracker / Smartband-Zubehör
21708,15907030,15907000,Sport- / Outdoor-Uhren-Zubehör
21151,17000000,NULL,PC / MultiMedia
21122,17100000,17000000,Computer / Notebooks / Tablets
21123,17101000,17100000,stationäre Computer
21028,17101010,17101000,PCs / Workstations
21029,17101030,17101000,Server-Systeme
21030,17101050,17101000,Macintosh-Computer
21124,17102000,17100000,tragbare Computer
21292,17102015,17102000,"< 15"" Notebooks"
21293,17102017,17102000,"15"" Notebooks"
21447,17102018,17102000,"16"" Notebooks"
21294,17102020,17102000,"17"" Notebooks"
21295,17102022,17102000,"> 17"" Notebooks"
21486,17102025,17102000,Ultrabooks
21576,17102027,17102000,2 in 1 / Hybrid
21448,17102030,17102000,Tablet-PC / iPad
21449,17102035,17102000,E-Book Reader
21033,17102040,17102000,PDAs - Personal-Digital-Assistants
21034,17102050,17102000,Organizer
21125,17200000,17000000,Peripheriegeräte
21126,17201000,17200000,Monitore
21035,17201010,17201000,"15"" Monitore"
21036,17201020,17201000,"17"" Monitore"
21037,17201030,17201000,"19"" Monitore"
21038,17201040,17201000,"20"" Monitore"
21039,17201050,17201000,"21"" Monitore"
21040,17201060,17201000,"> 21"" Monitore"
21127,17202000,17200000,TFT-Displays
21041,17202010,17202000,"14"" TFT-Displays"
21042,17202020,17202000,"15"" TFT-Displays"
21218,17202023,17202000,"16"" TFT-Displays"
21219,17202025,17202000,"17"" TFT-Displays"
21043,17202030,17202000,"18"" TFT-Displays"
21220,17202035,17202000,"19"" TFT-Displays"
21044,17202040,17202000,"20"" TFT-Displays"
21199,17202050,17202000,"21"" TFT-Displays"
21296,17202065,17202000,"22"" TFT-Displays"
21297,17202070,17202000,"23"" TFT-Displays"
21298,17202075,17202000,"> 23"" TFT-Displays"
21546,17204000,17200000,Public Displays
21577,17204005,17204000,"Public-Display < 30"" (76cm)"
21547,17204010,17204000,"30-36"" (76-91cm)"
21548,17204020,17204000,"37-39"" (94-99cm)"
21549,17204023,17204000,"40-45"" (100-114cm)"
21550,17204025,17204000,"46-51"" (117-129cm)"
21551,17204030,17204000,"52-59"" (132-150cm)"
21552,17204035,17204000,"ab 60"" (152cm)"
21128,17205000,17200000,Drucker
21045,17205010,17205000,Tintenstrahldrucker
21049,17205015,17205000,Photo Printers
21046,17205020,17205000,S/W-Laserdrucker
21047,17205025,17205000,Farb-Laserdrucker
21048,17205030,17205000,Nadeldrucker
21369,17205035,17205000,Etikettendrucker
21050,17205050,17205000,Plotter
21553,17205060,17205000,3D Drucker
21248,17205500,17200000,Multifunktionsgeräte
21249,17205510,17205500,Multifunktionsgeräte Tinte
21250,17205520,17205500,Multifunktionsgeräte S/W-Laser
21251,17205530,17205500,Multifunktionsgeräte Farb-Laser
21129,17206000,17200000,Scanner
21051,17206010,17206000,Flachbettscanner
21053,17206030,17206000,Einzugsscanner
21052,17206050,17206000,Handscanner
21130,17300000,17000000,PC-Komponenten
21132,17301000,17300000,Eingabe- / Zeigegeräte
21054,17301005,17301000,Mäuse
21055,17301010,17301000,Trackballs
21056,17301015,17301000,Kabellose Mäuse
21197,17301017,17301000,Kabellose Trackballs
21057,17301020,17301000,Tastaturen
21374,17301023,17301000,Tastatur-Sets
21058,17301025,17301000,Kabellose Tastaturen
21375,17301028,17301000,Kabellose Tastatur-Sets
21059,17301030,17301000,Touchpads
21060,17301035,17301000,Grafiktabletts
21061,17301050,17301000,Joysticks
21062,17301055,17301000,Gamepads
21450,17301060,17301000,PC-Lenkräder
21281,17301500,17300000,Headsets /  Mikrofone / Webcams
21276,17301505,17301500,PC-Headsets
21278,17301510,17301500,PC-Mikrofone
21279,17301515,17301500,Webcams
21376,17301520,17301500,Webcam-Sets
21133,17302000,17300000,Analog-Modems
21067,17302020,17302000,Analog-Modems extern
21064,17302030,17302000,Analog-Modems ISA
21065,17302040,17302000,Analog-Modems PCI
21066,17302050,17302000,Analog-Modems PCMCIA
21221,17302300,17300000,DSL-Modems
21222,17302320,17302300,DSL-Modems Extern
21223,17302340,17302300,DSL-Modems PCI
21224,17302350,17302300,DSL-Modems PCMCIA
21134,17302500,17300000,ISDN-Modems
21068,17302520,17302500,ISDN-Modems extern
21069,17302530,17302500,ISDN-Modems ISA
21070,17302540,17302500,ISDN-Modems PCI
21071,17302550,17302500,ISDN-Modems PCMCIA
21135,17303000,17300000,Grafikkarten
21072,17303010,17303000,Grafikkarten ISA
21073,17303020,17303000,Grafikkarten PCI
21299,17303025,17303000,Grafikkarten PCI Express
21074,17303030,17303000,Grafikkarten AGP
21136,17304000,17300000,Sound- / Videokarten
21075,17304010,17304000,Soundkarten ISA
21076,17304020,17304000,Soundkarten PCI
21497,17304025,17304000,Soundkarten PCI-Express
21252,17304030,17304000,Soundkarten extern
21077,17304050,17304000,Videobearbeitungskarten
21137,17305000,17300000,TV- / Radio- / Karten / Sticks
21078,17305010,17305000,TV-Karten
21079,17305020,17305000,Radio-Karten
21498,17305024,17305000,TV-Sticks
21500,17305026,17305000,Radio-Sticks
21138,17307000,17300000,Mainboard-Komponenten
21083,17307010,17307000,Mainboards
21084,17307020,17307000,Prozessoren
21086,17307050,17307000,DIMMs
21087,17307060,17307000,SO-DIMMs
21451,17307070,17307000,Netzteile
21821,17307500,17300000,Kühl-Komponenten
21822,17307510,17307500,CPU-Kühler
21823,17307520,17307500,Wasserkühlungen
21824,17307530,17307500,Gehäuse-Lüfter
21825,17307540,17307500,sonstige Kühl-Komponenten
21139,17308000,17300000,Gehäuse
21088,17308010,17308000,Desktop-Gehäuse
21089,17308020,17308000,Mini-/Midi-Tower
21090,17308030,17308000,High-Tower
21091,17308040,17308000,Server-Gehäuse
21131,17400000,17000000,Massenspeicher / Laufwerke
21140,17401000,17400000,Festplatten-Laufwerke
21301,17401005,17401000,Festplatten S-ATA
21092,17401010,17401000,Festplatten IDE
21093,17401020,17401000,Festplatten SCSI / SAS
21453,17401023,17401000,Festplatten NAS
21454,17401026,17401000,Solid State Disk (SSD)
21302,17401030,17401000,Festplatten Extern
21826,17401035,17401000,Solid State Disk (SSD) Extern
21141,17402000,17400000,Wechsel-Laufwerke / USB-Sticks
21303,17402005,17402000,USB-Sticks
21850,17402006,17402000,Festplattengehäuse
21373,17402007,17402000,Card-Reader- / Adapter
21094,17402010,17402000,MO-Laufwerke
21095,17402020,17402000,ZIP-Laufwerke
21096,17402030,17402000,JAZ-Laufwerke
21097,17402040,17402000,Syquest-Laufwerke
21142,17403000,17400000,CD / DVD / Blu-ray Laufwerke
21098,17403010,17403000,CD-ROM intern
21191,17403025,17403000,CD-ROM extern
21100,17403030,17403000,CD-Wechsler IDE
21101,17403040,17403000,CD-Wechsler SCSI
21192,17403045,17403000,CD-Wechsler extern
21102,17403050,17403000,DVD intern
21193,17403065,17403000,DVD extern
21194,17403070,17403000,DVD-Wechsler IDE
21195,17403080,17403000,DVD-Wechsler SCSI
21196,17403085,17403000,DVD-Wechsler extern
21455,17403086,17403000,Blu-ray intern
21456,17403087,17403000,Blu-ray extern
21143,17404000,17400000,CD / DVD / Blu-ray Recorder
21104,17404010,17404000,CD-Recorder intern
21106,17404030,17404000,CD-Recorder extern
21107,17404040,17404000,DVD-Recorder intern
21109,17404060,17404000,DVD-Recorder extern
21329,17404065,17404000,Blu-ray Recorder intern
21328,17404070,17404000,Blu-ray Recorder extern
21144,17406000,17400000,Streamer
21110,17406010,17406000,Streamer IDE
21111,17406020,17406000,Streamer SCSI
21112,17406040,17406000,DAT-Streamer SCSI
21145,17408000,17400000,Controller
21113,17408010,17408000,IDE-Controller
21114,17408020,17408000,SCSI-Controller
21459,17408030,17408000,RAID-Controller
21501,17408040,17408000,SATA-Controller
21146,17500000,17000000,Netzwerk-Komponenten
21147,17501000,17500000,Netzwerkkarten
21115,17501010,17501000,ISA Ethernet-Karten 10 Mbit/s
21116,17501020,17501000,PCI Ethernet-Karten 10 Mbit/s
21117,17501030,17501000,PCI Ethernet-Karten 100 Mbit/s
21304,17501040,17501000,PCI Ethernet-Karten 1 Gbit/s
21502,17501050,17501000,PCI Ethernet-Karten 10 Gbit/s
21148,17502000,17500000,Switches
21118,17502010,17502000,Ethernet-Switches 10 Mbit/s
21119,17502020,17502000,Ethernet-Switches 100 Mbit/s
21460,17502030,17502000,Ethernet-Switches 1 Gbit/s
21504,17502035,17502000,Ethernet-Switches 10 Gbit/s
21461,17502040,17502000,USB-Switches
21149,17503000,17500000,Hubs
21120,17503010,17503000,Ethernet-Hubs 10 Mbit/s
21121,17503020,17503000,Ethernet-Hubs 100 Mbit/s
21370,17503025,17503000,Ethernet-Hubs 1 Gbit/s
21371,17503030,17503000,USB-Hubs
21305,17504000,17500000,Router
21306,17504010,17504000,Router mit Modem
21307,17504020,17504000,Ethernet Router
21308,17505000,17500000,Wireless LAN
21310,17505010,17505000,WLAN Router
21311,17505020,17505000,WLAN Access Points
21578,17505025,17505000,WLAN Repeater
21312,17505030,17505000,WLAN USB-Sticks
21313,17505040,17505000,WLAN PC-Karten
21314,17505050,17505000,WLAN PCI-Adapter
21372,17505060,17505000,WLAN-Antennen
21462,17505500,17500000,Bluetooth
21463,17505510,17505500,Bluetooth-Adapter
21309,17506000,17500000,Power LAN
21315,17506010,17506000,Power LAN
21316,17506020,17506000,Power WLAN
21851,17507000,17500000,Mobiles Internet
21852,17507010,17507000,Hotspots
21853,17507020,17507000,Surfsticks
21464,17509000,17500000,Sonstige Netzwerkkomponenten
21465,17509010,17509000,Print Server
21466,17509090,17509000,Sonstige Netzwerkkomponenten
21580,17700000,17000000,PC Software / Lizenzen / Erweiterungen
21581,17703000,17700000,PC Software / Lizenzen / Erweiterungen
21582,17703040,17703000,Software / Lizenz
21584,17703070,17703000,Garantieerweiterung
21150,17900000,17000000,Zubehör PC / Multimedia
21216,17902000,17900000,Computer-Zubehör
21854,17902005,17902000,Gaming-Stühle/Tische
21210,17902010,17902000,Taschen
21211,17902020,17902000,Schutz-/Design-Covers
21855,17902023,17902000,Display-/Blickschutz
21212,17902040,17902000,Adapter / Kabel / Stecker
21579,17902045,17902000,Netzteil für tragbaren Computer
21213,17902050,17902000,Akkus
21214,17902060,17902000,Eingabegeräte
21827,17902070,17902000,Mauspads
21215,17902090,17902000,Sonstiges Computer-Zubehör
21359,17904000,17900000,Drucker-Zubehör
21360,17904010,17904000,Tintenpatronen
21361,17904020,17904000,Toner
21362,17904030,17904000,Papier
21554,17904050,17904000,3D Drucker-Zubehör
21467,17904070,17904000,Sonstiges Drucker-Zubehör
21389,18000000,NULL,Spielekonsolen / Games
21390,18150000,18000000,Sony
21391,18152000,18150000,PS2
21392,18152010,18152000,PS2 Konsolen
21393,18152015,18152000,PS2 Controller
21397,18152020,18152000,PS2 Zubehör
21398,18152030,18152000,PS2 Games
21399,18153000,18150000,PS3
21400,18153010,18153000,PS3 Konsolen
21401,18153015,18153000,PS3 Controller
21405,18153020,18153000,PS3 Zubehör
21406,18153030,18153000,PS3 Games
21530,18155000,18150000,PS4
21531,18155010,18155000,PS4 Konsolen
21532,18155015,18155000,PS4 Controller
21536,18155020,18155000,PS4 Zubehör
21537,18155030,18155000,PS4 Games
21407,18158000,18150000,PSP / PS Vita
21408,18158010,18158000,PSP / PS Vita Konsolen
21410,18158015,18158000,Taschen
21411,18158020,18158000,PSP / PS Vita Zubehör
21412,18158030,18158000,PSP / PS Vita Games
21413,18250000,18000000,Nintendo
21414,18252000,18250000,Wii
21415,18252010,18252000,Wii Konsolen
21416,18252015,18252000,Wii Controller
21420,18252020,18252000,Wii Zubehör
21421,18252030,18252000,Wii Games
21522,18252100,18250000,Wii U
21523,18252110,18252100,Wii U Konsolen
21524,18252120,18252100,Wii U Controller
21528,18252130,18252100,Wii U Zubehör
21529,18252140,18252100,Wii U Games
21800,18252500,18250000,Switch
21801,18252510,18252500,Switch Konsolen
21802,18252520,18252500,Switch Controller
21803,18252530,18252500,Switch Zubehör
21804,18252540,18252500,Switch Games
21422,18254000,18250000,2DS/3DS/DS/DSi
21423,18254010,18254000,2DS/3DS/DS/DSi Konsolen
21425,18254015,18254000,2DS/3DS/DS/DSi Taschen
21426,18254020,18254000,2DS/3DS/DS/DSi Zubehör
21427,18254030,18254000,2DS/3DS/DS/DSi Games
21428,18350000,18000000,Microsoft
21429,18351000,18350000,XBOX 360
21430,18351010,18351000,XBOX 360 Konsolen
21431,18351015,18351000,XBOX 360 Controller
21435,18351020,18351000,XBOX 360 Zubehör
21436,18351030,18351000,XBOX 360 Games
21538,18352000,18350000,XBOX One
21539,18352010,18352000,XBOX One Konsolen
21540,18352015,18352000,XBOX One Controller
21544,18352020,18352000,XBOX One Zubehör
21545,18352030,18352000,XBOX One Games
21828,18630000,18000000,sonstige Konsolen
21829,18631000,18630000,sonstige Konsolen
21830,18631010,18631000,sonstige Konsolen
21805,18860000,18000000,PC Games
21806,18861000,18860000,PC Games
21807,18861010,18861000,PC Games
21619,19000000,NULL,Hobby/Freizeit/Garten
21620,19100000,19000000,Freizeitprodukte / Spielzeug
21621,19101000,19100000,RC Modellsport / RC Spielzeug
21622,19101010,19101000,RC Drohnen / Multicopter
21623,19101020,19101000,RC Autos
21624,19101030,19101000,RC Flugzeuge
21625,19101040,19101000,RC Helikopter
21626,19101050,19101000,RC Boote
21627,19105000,19100000,Elektro Mobilität
21628,19105010,19105000,Waveboards
21629,19105020,19105000,Skateboards
21630,19105030,19105000,E-Bike/Scooter/Roller
21631,19109000,19100000,Sonstiges Freizeitprodukt / Spielzeug
21632,19109010,19109000,Sonstige Freizeitprodukte / Spielzeuge
21831,19300000,19000000,Grillgeräte
21832,19301000,19300000,Grillgeräte
20663,19301040,19301000,Elektrogrills
21833,19301050,19301000,Holzkohlegrills
21834,19301060,19301000,Gasgrills
21856,19500000,19000000,Gartengeräte
21857,19501000,19500000,Rasenmäher
21858,19501050,19501000,Rasenmähroboter
21859,19504000,19500000,Reingungsgeräte
20739,19504020,19504000,Hochdruckreiniger
20733,19504030,19504000,Kehrmaschinen
20735,19504040,19504000,Kehrsauger
21633,19900000,19000000,Zubehör Freizeitprodukte / Spielzeug
21634,19901000,19900000,"RC Modellsport / RC Spielzeug Zubehör "
21635,19901010,19901000,RC Drohnen / Multicopter Zubehör
21636,19901020,19901000,RC Autos Zubehör
21637,19901030,19901000,RC Flugzeuge Zubehör
21638,19901040,19901000,RC Helikopter Zubehör
21639,19901050,19901000,RC Boote Zubehör
21640,19905000,19900000,Elektro Mobilität Zubehör
21641,19905010,19905000,Waveboards Zubehör
21642,19905020,19905000,Skateboards Zubehör
21643,19905030,19905000,E-Bikes/Scooter/Roller Zubehör
21644,19909000,19900000,Sonstiges Freizeitprodukt / Spielzeug Zubehör
21645,19909010,19909000,Sonstige Freizeitprodukte / Spielzeuge Zubehör
21860,19930000,19000000,Zubehör Grillgeräte
21861,19932000,19930000,Grillgeräte Zubehör
21862,19932030,19932000,Abdeckhauben
21863,19932040,19932000,Grillroste/Platten
21864,19932060,19932000,Grillkohlen/Anzündmittel
20810,19932090,19932000,sonstiges Grillgeräte-Zubehör
21865,19950000,19000000,Zubehör Gartengeräte
21866,19952000,19950000,Gartengeräte Zubehör
21867,19952020,19952000,Rasenmäher-Zubehör
20836,19952030,19952000,Hochdruckreiniger-Zubehör
21868,19952090,19952000,sonstiges Gartengeräte-Zubehör
20473,20000000,NULL,Houshold
20474,20100000,20000000,Kochen / Backen
20475,20101000,20100000,Einbau-Kochflächen / Backöfen
20476,20101005,20101000,Gas-Backöfen
20477,20101010,20101000,Elektro-Backöfen
21836,20101012,20101000,Einbau-Elektro-Backöfen mit Mikrowelle
21837,20101013,20101000,Einbau-Elektro-Backöfen mit Dampfgarer
20478,20101014,20101000,Gas-Herde
20479,20101015,20101000,Elektro-Herde
20480,20101016,20101000,Gas/Elektro-Herde
20481,20101017,20101000,Unterbau-Herde
20482,20101020,20101000,Doppelbacköfen
20483,20101022,20101000,Dampfgarer
20484,20101025,20101000,Gas-Glaskeramikfelder
20485,20101030,20101000,Glaskeramikfelder
21505,20101032,20101000,Induktionsfelder
20486,20101035,20101000,Autark-Glaskeramikfelder
21869,20101036,20101000,Autark-Glaskeramikfelder mit Dunstabzug
21506,20101038,20101000,Autark-Induktionsfelder
21870,20101039,20101000,Autark-Induktionsfelder mit Dunstabzug
20489,20101050,20101000,Kochfelder
20490,20101052,20101000,Gaskochfelder
20491,20101055,20101000,Autark-Kochfelder
20493,20101060,20101000,Autark-Gaskochfelder
20496,20101065,20101000,Elektro-Gas-Kochtische
20497,20101070,20101000,Elektro-Fritteusen
20498,20101072,20101000,Elektro-Grills
20499,20101085,20101000,Elektro/Gas-Schaltkästen
20501,20101090,20101000,Geräte-Sets
21507,20101091,20101000,Geräte-Sets mit Induktion
21871,20101092,20101000,Geräte-Sets mit Dunstabzug
21872,20101093,20101000,Geräte-Sets Induktion mit Dunstabzug
21838,20101094,20101000,Geräte-Sets mit Mikrowelle
21839,20101095,20101000,Geräte-Sets Induktion mit Mikrowelle
21840,20101096,20101000,Geräte-Sets mit Dampfgarer
21841,20101097,20101000,Geräte-Sets Induktion mit Dampfgarer
20502,20105000,20100000,Stand-Herde
20503,20105010,20105000,Elektroherde mit Kochfeld
20504,20105015,20105000,Elektroherde mit Glaskeramikfeld
21509,20105018,20105000,Elektroherde mit Induktionsfeld
20505,20105030,20105000,Gasherde
20506,20105035,20105000,Gas/Elektro-Herde
20507,20105055,20105000,Elektroherd m. Geschirrspüler
20508,20105060,20105000,Elektro-Kleinküchen
20509,20107000,20100000,Dunstabzugshauben
20510,20107010,20107000,Essen / Dunstabzugshauben
21873,20107015,20107000,Umluft-Dunstabzugshauben
20511,20107020,20107000,Lüftersaugsätze
20512,20107030,20107000,Flachschirm-Dunstabzugshauben
20513,20107040,20107000,Einbau-Dunstabzugshauben
20514,20107050,20107000,Unterbau-Dunstabzugshauben
20515,20107080,20107000,Arbeitsplatten-Dunstabzugshauben
20516,20108000,20100000,Mikrowellengeräte
20517,20108010,20108000,Kombi-Mikrowellengeräte
20518,20108020,20108000,Solo-Mikrowellengeräte
20519,20108050,20108000,Mikrow. -Dunstabzughauben Kombi.
20520,20108080,20108000,Mikrowellen-Geräte-Sets
20521,20150000,20000000,Kühlen / Gefrieren
20522,20151000,20150000,Kühlschränke / -boxen
20523,20151010,20151000,Einbau-Kühlschränke
20524,20151030,20151000,Unterbau-Kühlschränke
20525,20151050,20151000,Stand-Kühlschränke
20526,20151065,20151000,Tischkühlschränke
21555,20151070,20151000,Kleinkühlschränke
21283,20151072,20151000,Kühlboxen
20529,20151077,20151000,Mini-Bars
20530,20151080,20151000,Flaschenkühlschränke
20531,20151082,20151000,Flaschenkühltruhen
20532,20151090,20151000,Sonstige Kellerlagerschränke
20533,20151093,20151000,Weinklima- / Weintemperierschränke
21808,20151094,20151000,Gewerbe Kühlschränke
20535,20153000,20150000,Kühl- / Gefrier-Kombinationen
20536,20153010,20153000,Einbau-Kühl-/Gefrier-Kombination
20537,20153020,20153000,Unterbau-Kühl-/Gefrier-Kombination
20538,20153050,20153000,Stand-Kühl-/Gefrierkombination
21243,20153080,20153000,Kühl-/Gefrier-Geräte-Sets
21809,20153094,20153000,Gewerbe Kühl-/Gefrier-Kombinationen
20539,20155000,20150000,Gefriergeräte
20540,20155010,20155000,Einbau-Gefrierschränke
20541,20155030,20155000,Unterbau-Gefrierschränke
20542,20155040,20155000,Stand-Gefrierschränke
20543,20155070,20155000,Gefriertruhen
20544,20155075,20155000,Tischgefrierschränke
21285,20155082,20155000,Kleingefrierschränke / Gefrierboxen
21810,20155094,20155000,Gewerbe Gefriergeräte
20548,20156000,20150000,Kühlraumtechnik
20549,20156010,20156000,Kältemodule
20550,20200000,20000000,Geschirrspüler
20551,20201000,20200000,Geschirrspüler
20552,20201010,20201000,Einbau-Geschirrspüler 60 cm
21468,20201012,20201000,Einbau-Geschirrspüler 45 cm
20553,20201030,20201000,Tisch-/Kompakt-Geschirrspüler
20554,20201040,20201000,Stand-Geschirrspüler 60 cm
21469,20201042,20201000,Stand-Geschirrspüler 45 cm
21471,20201050,20201000,Unterbau-Geschirrspüler 60 cm
21472,20201052,20201000,Unterbau-Geschirrspüler 45 cm
21811,20201094,20201000,Gewerbe Geschirrspüler
20555,20250000,20000000,Waschen / Trocknen
20556,20251000,20250000,Waschmaschinen
20557,20251010,20251000,Einbau-Waschmaschinen
20558,20251035,20251000,Stand-Waschmaschinen
20559,20251040,20251000,Waschmaschinen-Toplader
20560,20251060,20251000,Kompakt-Waschmaschinen
20561,20251070,20251000,Waschmasch.-Schleuder-Kombinationen
20562,20251080,20251000,sonstige Waschgeräte
21812,20251094,20251000,Gewerbe Waschmaschinen
20563,20253000,20250000,Waschtrockner
20564,20253020,20253000,Einbau-Waschtrockner
20565,20253040,20253000,Stand-Waschtrockner
20566,20253060,20253000,Waschtrockner-Toplader
21813,20253094,20253000,Gewerbe Waschtrockner
20567,20255000,20250000,Wäschetrockner
20568,20255010,20255000,Einbau-Wäschetrockner
21473,20255030,20255000,Stand-Ablufttrockner
20569,20255040,20255000,Stand-Kondenstrockner
21510,20255050,20255000,Wärmepumpentrockner
20570,20255070,20255000,Wäschetrockner-Toplader
20571,20255080,20255000,einbaufähige Kompakt-Wäschetrockner
21814,20255094,20255000,Gewerbe Wäschetrockner
20572,20257000,20250000,Schleudern
20573,20257010,20257000,Schleudern
20574,20300000,20000000,Warmwassergeräte
20575,20301000,20300000,Heißwasserbereiter
20576,20301010,20301000,Durchlauferhitzer
20577,20301020,20301000,Kochendwassergeräte
20581,20301030,20301000,Wärmepumpen
20578,20303000,20300000,Heißwasserspeicher
20579,20303010,20303000,Klein-/Hänge-Speicher
20580,20303020,20303000,Wand-/Stand-Speicher
20582,20350000,20000000,Klima / Heizen
20583,20351000,20350000,Nachtspeicheröfen
20584,20351010,20351000,Nachtspeicheröfen
20585,20353000,20350000,Klima
20586,20353010,20353000,Klimageräte
20587,20353020,20353000,Radiatoren
20588,20353030,20353000,Konvektoren
20589,20353040,20353000,Heizlüfter
20590,20353042,20353000,Heizstrahler
20591,20353045,20353000,Halogen-Heizer
20592,20353047,20353000,Frostwächter
20593,20353050,20353000,Ventilatoren
20594,20353055,20353000,Raum-Lüftungsgerät
20595,20353060,20353000,Luftentfeuchter
20596,20353070,20353000,Luftbefeuchter
20597,20353075,20353000,Luftverbesserer
20598,20353080,20353000,Handtuchtrockner
20599,20354000,20350000,Luftreinigungs-Geräte
20600,20354010,20354000,Luftreiniger
20601,20354020,20354000,Luftwäscher
20602,20355000,20350000,Thermometer
20603,20355010,20355000,Wetterstationen
20604,20400000,20000000,Körperpflege-Kleingeräte
20605,20401000,20400000,Rasier-Geräte
20606,20401010,20401000,Rasierer
20607,20401013,20401000,Damenrasierer
21556,20401014,20401000,IPL-Geräte
20608,20401015,20401000,Epiliergeräte
20609,20401040,20401000,Bartschneider
20610,20401050,20401000,Haarschneidemaschinen
21190,20401055,20401000,Nasen-/Ohrhaarschneider
20611,20401200,20400000,Haarpflege
20612,20401210,20401200,Haartrockner
20613,20401220,20401200,Trockenhauben
20614,20401225,20401200,Lockenstäbe/Haarglätter
20615,20401230,20401200,Lockenwickler
20616,20401240,20401200,Haarpflege-Sets
20617,20401400,20400000,Mundpflege
20618,20401410,20401400,Zahnbürsten
20619,20401415,20401400,Zahnseide-Reiniger
20620,20401420,20401400,Mundduschen
20621,20401440,20401400,Zahn-/Mundpflege-Kombination
20622,20401450,20401400,Reinigungs-/Desinfektionsgeräte
20623,20403000,20400000,Schmiegsame Wärme
20624,20403010,20403000,Heizdecken
20625,20403020,20403000,Heizkissen
20626,20403030,20403000,Heizteppiche
21709,20403040,20403000,Wärmeunterbetten
20627,20403050,20403000,Fußwärmer
20628,20404000,20400000,Bräunungsgeräte
20629,20404010,20404000,Gesichtsbräuner
20630,20404030,20404000,Oberkörper-/Dekolleté-Bräuner
20631,20404060,20404000,Ganzkörperbräuner
20632,20405000,20400000,Körperpflege / Gesundheit
20633,20405010,20405000,Gesichtsauna
20634,20405015,20405000,Infrarotlampen/-Birnen
21286,20405017,20405000,Lichttherapiegeräte
20635,20405020,20405000,Inhalationsgeräte
20636,20405030,20405000,Kosmetikspiegel
21198,20405032,20405000,Kosmetik-Laser
21710,20405034,20405000,Gesichtspflegegeräte
20637,20405035,20405000,Manikürgeräte
21230,20405037,20405000,Wachspflege-Geräte
20638,20405040,20405000,Händetrockner
20639,20405045,20405000,Luftsprudelbäder
20640,20405050,20405000,Massagegeräte
20641,20405051,20405000,Fuß-Massage-Bäder
20642,20405053,20405000,Personenwaagen
20643,20405055,20405000,Blutdruck-/Blutzuckermessgeräte
21261,20405057,20405000,Pulsmesser
20644,20405060,20405000,Fieberthermometer
21231,20405065,20405000,Schnarchstopper
21244,20405094,20405000,Körperpflege-Geräte (diverse)
20645,20600000,20000000,Küchen-Kleingeräte
20646,20601000,20600000,Kaffee / Tee / Espresso
21272,20601005,20601000,Pad-Automaten
21511,20601006,20601000,Kapsel-Automaten
21273,20601007,20601000,Siebträgermaschinen
20650,20601009,20601000,Espresso/ Kaffee-Vollautomaten
20647,20601010,20601000,Kaffeemaschinen
20648,20601020,20601000,Doppel-Kaffeemaschinen
20651,20601045,20601000,Kaffee/ Espresso-Kombigeräte
20653,20601060,20601000,Kaffee/ Wasserkocher-Kombigeräte
20652,20601065,20601000,Cappuccino-Automaten
20649,20601070,20601000,Tee-Automaten
21815,20601094,20601000,Gewerbe Kaffee-/Tee Automaten
21174,20601500,20600000,Wasser Zu- und Aufbereiter
20698,20601510,20601500,Wasserkocher
20699,20601520,20601500,Tauchsieder
21175,20601530,20601500,Trinkwasser-Sprudler
20711,20601550,20601500,Wasserfilter
20654,20602000,20600000,Toaster
20655,20602010,20602000,Toaster
20656,20602020,20602000,Toast & Grill-Geräte
21874,20603000,20600000,Raclette/Fondue/Kontaktgrills
20664,20603010,20603000,Raclette
20705,20603020,20603000,Fondue
20665,20603030,20603000,Raclette & Fondue kombiniert
20660,20603040,20603000,Kontaktgrills
21875,20605000,20600000,Fun-Cooking
20662,20605010,20605000,Gyros-Grills
20667,20605015,20605000,Sandwichtoaster
20700,20605020,20605000,Waffel-/Muffin-/Donutautomaten
20709,20605025,20605000,Crepesmaker
21262,20605030,20605000,HotDog-Maker
20706,20605035,20605000,Elektro-Wok
20707,20605040,20605000,Wok & Fondue kombiniert
20661,20605045,20605000,elektrische Pfannen
20708,20605050,20605000,Popcorn-Maschinen
21378,20605055,20605000,Schokobrunnen
20668,20606000,20600000,sonstige motorische Küchengeräte
20669,20606010,20606000,Allesschneider
20670,20606015,20606000,Zerkleinerer
20671,20606020,20606000,Dosenöffner
20672,20606025,20606000,Elektromesser
20673,20606030,20606000,Messerschärfer
20674,20606035,20606000,Küchenmaschinen
21008,20606037,20606000,Knetteig / Nudelmaschine
20675,20606040,20606000,Handrührgeräte
20676,20606045,20606000,Stabmixer
20677,20606050,20606000,Standmixer
20678,20606055,20606000,Fleischwolf
20680,20606065,20606000,Küchenwaagen
20681,20606070,20606000,Entsafter
20682,20606075,20606000,Zitruspressen
20683,20606080,20606000,Kaffeemühlen
20684,20606085,20606000,Getreidemühlen
20685,20606090,20606000,Schälmaschinen
20686,20606092,20606000,Passiergeräte
21245,20606094,20606000,motorische Küchengeräte (diverse)
20687,20607000,20600000,sonstige thermische Küchengeräte
20658,20607010,20607000,Miniöfen
20659,20607020,20607000,Heißluftöfen
20691,20607025,20607000,Dörrautomaten
20692,20607030,20607000,Eierkocher
20693,20607035,20607000,Einkochautomaten
20694,20607036,20607000,Elektro-Kochentsafter
21217,20607037,20607000,Küchenkleingeräte-Set
20695,20607038,20607000,Kochplatten
20696,20607040,20607000,Warmhalteplatten
20697,20607042,20607000,Teller/Geschirr-Wärmer
20701,20607055,20607000,Fritteusen
21275,20607057,20607000,Bierzapfanlagen/ Bierkühler
20702,20607060,20607000,Joghurtautomaten
20679,20607062,20607000,Eisbereiter
20547,20607064,20607000,Eiswürfelbereiter
20703,20607065,20607000,Brotbackautomaten
20704,20607075,20607000,Dampf-/Reis-/Nudelkocher
21377,20607078,20607000,Milchaufschäumer
20710,20607087,20607000,Folienschweiß-/Vakuumierautomaten
21246,20607094,20607000,thermische Küchengeräte (diverse)
21816,20650000,20000000,Babywelt
21012,20651000,20650000,Baby-Überwachungsgeräte
21013,20651010,20651000,Baby-Überwachungssets
21015,20651013,20651000,Baby-Überwachungssender
21016,20651015,20651000,Baby-Überwachungsempfänger
21817,20653000,20650000,Babycare
20688,20653010,20653000,Babykostwärmer
20689,20653020,20653000,Babyflaschen-Desinfektoren
21818,20653030,20653000,sonstige Baby-Kleingeräte
20712,20700000,20000000,Reinigen / Bügeln / Nähen
20713,20701000,20700000,Bügeln / Kleiderpflege / Nähen
20714,20701010,20701000,Leicht-/Reisebügler
20715,20701015,20701000,Trockenbügler
20716,20701020,20701000,Dampfbügler
20717,20701030,20701000,Bügelmaschinen/Bügelpressen
20718,20701040,20701000,Bügelstationen
20719,20701050,20701000,Bügeltische
20720,20701080,20701000,Kleiderrasierer
20721,20701085,20701000,Schuhputzmaschinen
20722,20701090,20701000,Dampfbürsten
21557,20701095,20701000,Nähmaschinen
20723,20702000,20700000,Bodenpflege
20724,20702010,20702000,Bodenstaubsauger
21843,20702011,20702000,Bodenstaubsauger Beutellos
21842,20702012,20702000,Bodenstaubsauger mit Wasserfilter
21558,20702015,20702000,Saug-/Wischroboter
20725,20702020,20702000,Handstaubsauger
20726,20702025,20702000,Saugbürster
21007,20702027,20702000,Saugbläser
20727,20702030,20702000,Mehrzwecksauger
20728,20702040,20702000,"Mini-, Akku- und Auto-Sauger"
20729,20702045,20702000,Klopfsauger
20730,20702050,20702000,Saugbohner
20731,20702055,20702000,Elektrobohner
20732,20702060,20702000,Shampoonierer
20734,20702080,20702000,Zentralstaubsauger
20736,20703000,20700000,Reiniger
20737,20703010,20703000,Dampfreiniger
20738,20703020,20703000,Fenster-/ Hartflächenreiniger
20740,20750000,20000000,Uhren / Wecker
20741,20751000,20750000,Uhren
20742,20751010,20751000,Wanduhren
20743,20751030,20751000,Kurzzeitmesser
20744,20752000,20750000,Wecker
20745,20752010,20752000,Funkwecker
20746,20752020,20752000,Reisewecker
20747,20752030,20752000,Wecker
20749,20800000,20000000,Licht
20750,20801000,20800000,Taschenlampen / Leuchten
20751,20801010,20801000,Taschenlampen
21521,20801020,20801000,Stimmungsleuchten
21876,20801030,20801000,Camping-/Arbeitsleuchten
20752,20801090,20801000,Lupen
21585,20804000,20800000,Leuchtmittel
21612,20804005,20804000,Glühlampen
21586,20804010,20804000,Halogenlampen
21587,20804020,20804000,Energiesparlampen
21588,20804030,20804000,LED-Lampen
21589,20804040,20804000,Leuchtstoff-/Lampen/-Röhren
21590,20804050,20804000,Speziallampen
20753,20900000,20000000,Zubehör Haushaltsgeräte
20754,20901000,20900000,Kochen- / Backen-Zubehör
20755,20901010,20901000,Herde/Backöfen-Zubehör
20756,20901020,20901000,Kochflächen/-mulden-Zubehör
20757,20901050,20901000,Dunstabzugshauben-Zubehör
20758,20901080,20901000,Mikrowellengeschirr/-zubehör
21474,20901085,20901000,Pfannen/Töpfe/Backformen
20759,20901500,20900000,Kühlen- / Gefrieren-Zubehör
20760,20901510,20901500,Kühl-/ Gefriergeräte-Zubehör
20761,20901700,20900000,Kühlraumtechnik-Zubehör
20762,20901710,20901700,Kühlraumtechnik-Zubehör
20763,20902000,20900000,Geschirrspüler-Zubehör
20764,20902020,20902000,Geschirrspüler-Zubehör
20765,20902500,20900000,Waschen- / Trocknen-Zubehör
20766,20902520,20902500,Waschmaschinen-Zubehör
20767,20902530,20902500,Waschtrockner-Zubehör
20768,20902540,20902500,Wäschetrockner-Zubehör
20769,20902550,20902500,Waschmaschinen-/Trockner- Zubehör
20770,20903500,20900000,Dekor- / Einbau-Zubehör
21559,20903510,20903500,Spülbecken
20771,20903515,20903500,Einbauschränke
20772,20903520,20903500,Umbauschränke
20773,20903525,20903500,Einbaurahmen
20774,20903530,20903500,Einbau-Lifttüren
20775,20903535,20903500,Unterbau-Montage-Sätze
20776,20903540,20903500,Unterbaurahmen
20777,20903545,20903500,Zwischenbau-Sätze
20778,20903550,20903500,Dekor-Sätze
20779,20903555,20903500,Dekorausgleichsblenden
20780,20903560,20903500,Dekorrahmen
20781,20903565,20903500,Dekorplatten
20782,20903580,20903500,Wechselblenden
20783,20903590,20903500,sonstiges Einbau-Zubehör
20784,20903700,20900000,Warmwassergeräte-Zubehör
20785,20903710,20903700,Armaturen
20786,20903720,20903700,sonst. Warmwassergeräte-Zubehör
20787,20903800,20900000,Klima- / Heizen-Zubehör
20788,20903810,20903800,Nachtspeicher-Zubehör
20789,20903820,20903800,Klimageräte-Zubehör
20790,20903825,20903800,Heizgeräte-Zubehör
20791,20903830,20903800,Heizstrahler-Zubehör
20792,20903840,20903800,Luftentfeuchter-Zubehör
20793,20903845,20903800,Luftbefeuchter-Zubehör
20794,20903850,20903800,Luftreiniger-Zubehör
20795,20903855,20903800,Luftwäscher-Zubehör
20796,20903860,20903800,Raumlüfter-Zubehör
20797,20904000,20900000,Körperpflege-Kleingeräte-Zubehör
20798,20904010,20904000,Rasierer/Epilier-Zubehör
20799,20904012,20904000,Haarpflege-Zubehör
20800,20904014,20904000,Ersatz-Zahnbürsten
20801,20904015,20904000,Ersatzdüsen für Mundduschen
20802,20904020,20904000,Mundpflegecenter-Zubehör
20803,20904050,20904000,Bräunungsgeräte-Zubehör
20804,20904060,20904000,Fieberthermometer Zubehör
20805,20904070,20904000,sonst.Körperpflege-Kleinger.Zubehör
20806,20906000,20900000,Küchen-Kleingeräte-Zubehör
20807,20906010,20906000,Kaffee/Tee-Autom.-Zub./Ersatzkannen
20808,20906015,20906000,Wasser Zu-/Aufbereiter-Zubehör
20809,20906025,20906000,Toast-/Grill-Zubehör
20811,20906028,20906000,Fondue-/Wok-Zubehör
20812,20906040,20906000,Waffeleisen-Austauschplatten
20813,20906045,20906000,Einkoch-/Dörrautomaten-Zubehör
20814,20906047,20906000,Heißluftofen-Zubehör
20815,20906050,20906000,Folienschweißer-Zubehör
20816,20906064,20906000,Aufschnitt-/Allesschneider-Zubehör
20817,20906065,20906000,Zerkleinerer-Zubehör
20818,20906068,20906000,Elektromesser-Zubehör
20819,20906070,20906000,Küchenmaschinen-Zubehör
20820,20906072,20906000,Handrührer-Zubehör
20821,20906073,20906000,Stabmixer-Zubehör
20822,20906074,20906000,Fleischwolf-Zubehör
20823,20906075,20906000,Eisbereiter-Zubehör
21877,20906076,20906000,Standmixer-Zubehör
20824,20906077,20906000,Wiege-Schalen
20825,20906083,20906000,Fritteusen-Zubehör
20826,20906085,20906000,Joghurtmaschinen-Zubehör
20827,20906086,20906000,Ersatzrollen f. Folienschweißautom.
20828,20906087,20906000,Ersatz-Filterkartuschen
20829,20906088,20906000,Rezepthefte/-bücher
20830,20906089,20906000,sonstiges Küchen-Zubehör/Utensil
21711,20906500,20900000,Getränke-Pad/-Kapsel/-Pulver
21712,20906510,20906500,Kaffeebohnen
21713,20906520,20906500,Kaffee gemahlen
21714,20906530,20906500,Kapsel-Systeme
21715,20906540,20906500,Pad-Systeme
21716,20906545,20906500,Beutel
21717,20906550,20906500,Pulver
21718,20906560,20906500,Sirup
21819,20906700,20900000,Babywelt-Zubehör
21017,20906710,20906700,Baby-Überwachungszubehör
21820,20906720,20906700,sonstiges Baby Zubehör
20831,20907000,20900000,Reinigen- / Bügeln- / Näh-Zubehör
20832,20907020,20907000,Bügelzubehör
21560,20907025,20907000,Nähzubehör
20833,20907030,20907000,Staubsaugerbeutel/Microfilter
20834,20907050,20907000,Bodenpflege-Zubehör
20835,20907055,20907000,Dampfreiniger-Zubehör
20837,20907500,20900000,Uhren- / Wecker-Zubehör
20838,20908000,20900000,Taschenlampen-Zubehör
20839,20908010,20908000,Ersatzbirnen für Taschenlampen
20840,20908020,20908000,Taschenlampen-Ladegeräte
20841,20908030,20908000,Ersatz Trageriemen
20842,20908090,20908000,sonstiges Taschenlampenzubehör
21719,20909000,20900000,Leuchtmittel-Zubehör
21720,20909010,20909000,sonstiges Leuchtmittel-Zubehör
21721,22000000,NULL,Gebäudetechnik / Smart Home
21722,22100000,22000000,Gebäudetechnik / Smart Home
21723,22101000,22100000,Hausautomation
21724,22101010,22101000,Zentralen / Steuereinheiten
21725,22101020,22101000,Heizungssteuerung/Thermostate
21726,22101040,22101000,Sensoren/Kontakte/Melder
21594,22101050,22101000,Feuer-/Rauchwarnmelder
21727,22101060,22101000,CO-Melder
21728,22101070,22101000,Wassermelder
21729,22101090,22101000,sonstiges Hausautomationszubehör
20193,22250000,22000000,Alarm- / Überwachungssysteme
20194,22255000,22250000,Alarm-/Überwachungssysteme
20195,22255010,22255000,Alarm-/Überwachungsanlagen
20196,22256000,22250000,Video-Überw.Einzelbausteine
20197,22256010,22256000,Überwachungs-Monitore
20198,22256020,22256000,Überwachungs-/Netzwerkkameras
20199,22256030,22256000,Langzeit-Videorekorder
21733,22900000,22000000,Alarm- / Überwachungs-Zubehör
20288,22905600,22900000,Alarm- / Überwachungs-Zubehör
20289,22905610,22905600,Überwach.Kamera-Dummys
20290,22905620,22905600,Überwach.Kamera-Gehäuse
20291,22905630,22905600,Überwach.Monitor-Gehäuse
20292,22905640,22905600,Sonstiges-Alarmzubehör
20843,30000000,NULL,Illumination and Lamps
20844,30100000,30000000,Leuchten
20845,30101000,30100000,Design / Moderne Leuchten
20846,30101005,30101000,Wandleuchte
20847,30101007,30101000,Deckenleuchte
20848,30101010,30101000,Wand- / Deckenleuchte
20849,30101020,30101000,Pendelleuchte
20850,30101030,30101000,Gehänge
20851,30101040,30101000,Krone
20852,30101045,30101000,Schienen-Set
20853,30101047,30101000,Steckerleuchte
20854,30101050,30101000,Tischleuchte
20855,30101055,30101000,Klemmleuchte
20856,30101060,30101000,Stehleuchte
20857,30101070,30101000,Deckenfluter
20858,30101072,30101000,Deckenfluter mit Leseleuchte
20859,30101075,30101000,Wandfluter
20860,30101080,30101000,Spiegel- / Bilderleuchte
20861,30101085,30101000,Einbauleuchte
20862,30102000,30100000,Stil-Leuchten
20863,30102005,30102000,Wandleuchte
20864,30102007,30102000,Deckenleuchte
20865,30102010,30102000,Wand- / Deckenleuchte
20866,30102020,30102000,Pendelleuchte
20867,30102030,30102000,Gehänge
20868,30102040,30102000,Krone
20869,30102050,30102000,Tischleuchte
20870,30102060,30102000,Stehleuchte
20871,30102070,30102000,Deckenfluter
20872,30102072,30102000,Deckenfluter mit Leseleuchte
20873,30102075,30102000,Wandfluter
20874,30102080,30102000,Spiegel- / Bilderleuchte
20875,30103000,30100000,Rustikale Leuchten
20876,30103005,30103000,Wandleuchte
20877,30103007,30103000,Deckenleuchte
20878,30103010,30103000,Wand- / Deckenleuchte
20879,30103020,30103000,Pendelleuchte
20880,30103030,30103000,Gehänge
20881,30103040,30103000,Krone
20882,30103050,30103000,Tischleuchte
20883,30103060,30103000,Stehleuchte
20884,30103070,30103000,Deckenfluter
20885,30103072,30103000,Deckenfluter mit Leseleuchte
20886,30103075,30103000,Wandfluter
20887,30104000,30100000,Tiffany-Leuchten
20888,30104005,30104000,Wandleuchte
20889,30104007,30104000,Deckenleuchte
20890,30104010,30104000,Wand- / Deckenleuchte
20891,30104020,30104000,Pendelleuchte
20892,30104030,30104000,Gehänge
20893,30104040,30104000,Krone
20894,30104050,30104000,Tischleuchte
20895,30104060,30104000,Stehleuchte
20896,30104070,30104000,Deckenfluter
20897,30104072,30104000,Deckenfluter mit Leseleuchte
20898,30104075,30104000,Wandfluter
20899,30104080,30104000,Spiegel- / Bilderleuchte
20900,30105000,30100000,Technische Leuchten
20901,30105010,30105000,Wand- / Deckenleuchte
20902,30105020,30105000,Strahler
20903,30105030,30105000,Stableuchte
20904,30105040,30105000,Einbaustrahler
20905,30105050,30105000,Lichtleiter
20906,30105060,30105000,Projektoren
20907,30106000,30100000,Außenleuchten
20908,30106010,30106000,Wand- / Deckenleuchte
20909,30106020,30106000,Stehleuchte
20910,30106030,30106000,Pollerleuchte
20911,30106040,30106000,Mastleuchte
20912,30106050,30106000,Strahler
20913,30106060,30106000,Spießleuchte
20914,30107000,30100000,Deko- / Kinderleuchten
20915,30107005,30107000,Wandleuchte
20916,30107007,30107000,Deckenleuchte
20917,30107010,30107000,Wand- / Deckenleuchte
20918,30107050,30107000,Tischleuchte
20919,30107060,30107000,Stehleuchte
20920,30108000,30100000,Badleuchten
20921,30108005,30108000,Wandleuchte
20922,30108007,30108000,Deckenleuchte
20923,30108010,30108000,Wand- / Deckenleuchte
20924,30150000,30000000,Lichtsysteme
20925,30151000,30150000,Niedervolt-Schienen-Systeme
20926,30151005,30151000,Komplettsystem
20927,30151010,30151000,Strahler für Schienen-Systeme
20928,30151020,30151000,Zugleuchten für Schienen-Systeme
20929,30151030,30151000,Deckenfluter für Schienen-Systeme
20930,30151035,30151000,Trafo f. Niedervolt-Schienen-System
20931,30151040,30151000,Technisches Zubehör für Niedervolt-
20932,30152000,30150000,Niedervolt-Seil-Systeme
20933,30152010,30152000,Strahler für Seil-Systeme
20934,30152020,30152000,Zugleuchten für Seil-Systeme
20935,30152030,30152000,Deckenfluter für Seil-Systeme
20936,30152035,30152000,Trafo f. Niedervolt-Seil-Systeme
20937,30152040,30152000,Technisches Zubehör f. Niedervolt-S
20938,30153000,30150000,Hochvolt-Schienen-Systeme
20939,30153010,30153000,Strahler für Hochvolt-Schienen-Syst
20940,30153020,30153000,Zugleuchten f. Hochvolt-Schienen-Sy
20941,30153030,30153000,Deckenfluter f. Hochvolt-Schienen-S
20942,30153035,30153000,Trafo f. Hochvolt-Schienen-Systeme
20943,30153040,30153000,Techn.Zubehör für Hochvolt-Schienen
20944,30154000,30150000,Flex-Systeme
20945,30154010,30154000,Strahler für Flex-Systeme
20946,30154020,30154000,Zugleuchten für Flex-Systeme
20947,30154030,30154000,Deckenfluter für Flex-Systeme
20948,30154035,30154000,Trafo f. Flex-Systeme
20949,30154040,30154000,Technisches Zubehör für Flex-System
20950,30200000,30000000,Leuchtmittel
20951,30201000,30200000,Allgebrauchslampen
20952,30201005,30201000,Normalform
20953,30201010,30201000,Kerzen-Lampe
20954,30201015,30201000,Tropfen-Lampe
20955,30201020,30201000,Decor-Lampe
20956,30201025,30201000,Globe-Lampe
20957,30201030,30201000,Kopfspiegel-Lampe
20958,30201035,30201000,Reflektor-Lampe
20959,30201040,30201000,Pressglasreflektor-Lampe
20960,30201045,30201000,Röhren-Lampe
20961,30201050,30201000,Linien-Lampe
20962,30201055,30201000,Spezial-Lampe
20963,30202000,30200000,Halogenlampen
20964,30202010,30202000,Stiftsockel-Lampe
20965,30202020,30202000,Kaltlichtreflektor-Lampe
20966,30202030,30202000,Spezialreflektor-Lampe
20967,30202040,30202000,Halogenlampe mit Hüllkolben
20968,30202050,30202000,Kerzen-Hüllkolbenlampe
20969,30202060,30202000,Pressglas-Hüllkolbenlampe
20970,30202070,30202000,einseitig gesockelte Halogenlampe
20971,30202080,30202000,zweiseitig gesockelte Halogenlampe
20972,30203000,30200000,Kompaktleuchtstofflampen dir. Netz.
20973,30203010,30203000,Energiesparlampe
20974,30203020,30203000,Hüllkolben-ESL
20975,30203030,30203000,Dekor-ESL
20976,30204000,30200000,Kompaktleuchtstofflampen f. Dross.
20977,30204010,30204000,KL-Lampe mit G 24d
20978,30204020,30204000,KL-Lampe mit GX 24d
20979,30204030,30204000,KL-Lampe mit G 23
20980,30205000,30200000,Kompaktleuchtstofflampe f. HF-Betr.
20981,30205010,30205000,KL-Lampe mit 2 G 7
20982,30205020,30205000,KL-Lampe mit 2 G 10
20983,30205030,30205000,KL-Lampe mit 2 G 11
20984,30205040,30205000,G 24q
20985,30205050,30205000,GX 24q
20986,30206000,30200000,Leuchtstofflampen
20987,30206010,30206000,L-Lampe max. 7mm
20988,30206020,30206000,L-Lampe max. 16mm
20989,30206030,30206000,L-Lampe max. 28mm
20990,30206040,30206000,L-Lampe max. 38mm
20991,30206050,30206000,Spezial-L-Lampe
20992,30206060,30206000,Ringförmige L-Lampe
20993,30206070,30206000,U-förmige L-Lampe
20994,30207000,30200000,Entladungslampen
20995,30207010,30207000,Hochdruck-Metallhalogendampflampe
20996,30207020,30207000,Niederdruck-Natriumdampflampe
20997,30207030,30207000,Hochdruck-Natriumdampflampe
20998,30207040,30207000,Hochdruck-Quecksilberdampflampe
20999,30208000,30200000,Speziallampen
21339,30300000,30000000,KF - Laptops - Ebene2
21340,30301000,30300000,KF - Laptops - Ebene3
21341,30301010,30301000,+KF - Laptops - Ebene4
21342,30400000,30000000,KF - Digitalkameras - Ebene2
21343,30401000,30400000,KF - Digitalkameras - Ebene3
21344,30401010,30401000,+KF - Digitalkameras - Ebene4
21345,30500000,30000000,KF - LCD-TVs - Ebene2
21346,30501000,30500000,KF - LCD-TVs - Ebene3
21347,30501010,30501000,+KF - LCD-TVs - Ebene4
21348,30600000,30000000,KF - Handys - Ebene2
21349,30601000,30600000,KF - Handys - Ebene3
21350,30601010,30601000,+KF - Handys - Ebene4
21000,30900000,30000000,Zubehör
21001,30901000,30900000,Leuchtenzubehör
21002,30901010,30901000,Vorschaltgeräte
21003,30901020,30901000,Bewegungsmelder
21004,30901030,30901000,Funkempfänger
21005,30901098,30901000,Diverses Zubehör
21006,30901099,30901000,Diverse Leuchten
21475,99000000,NULL,Diverse
21476,99100000,99000000,Diverse Unterhaltungselektronik
21477,99102500,99100000,Diverse Foto/Camcorder/Ferngläser
21478,99102580,99102500,Diverse Ferngläser
21481,99200000,99000000,Diverse Haushaltsgeräte
21482,99206000,99200000,Diverse Haushalts-Kleingeräte
21483,99206037,99206000,Diverse Gasgrills
21484,99206038,99206000,Diverse Holzkohlegrills
21734,99400000,99000000,Diverse Tonträger/Bücher
21735,99406000,99400000,DVD-Movie
21736,99406010,99406000,Abenteuer/Action DVDs
21737,99406015,99406000,Animes
21738,99406020,99406000,Box Sets DVD Filme
21739,99406025,99406000,Drama DVDs
21740,99406030,99406000,Horror DVDs
21741,99406035,99406000,Kinderfilm DVDs
21742,99406040,99406000,Komödie DVDs
21743,99406045,99406000,Krimi & Thriller DVDs
21744,99406050,99406000,Sci-Fi & Fantasie DVDs
21745,99406055,99406000,Sonstige DVDs
21746,99406060,99406000,Special Interest DVDs
21747,99406065,99406000,TV-Serien
21748,99406200,99400000,Music CD
21749,99406210,99406200,Clubsound (Techno/Disco/Dance)
21750,99406215,99406200,Comedy
21751,99406220,99406200,Country/Folk/Gospel
21752,99406225,99406200,Hörspiel Kinder
21753,99406230,99406200,Heavy Metal
21754,99406235,99406200,Hip Hop/Soul/Rap/R&B
21755,99406240,99406200,Inländische Künstler
21756,99406245,99406200,Jazz/Blues
21757,99406250,99406200,Klassik/Oper
21758,99406255,99406200,Pop
21759,99406260,99406200,Reggae/Ska
21760,99406265,99406200,Rock/Underground
21761,99406270,99406200,Sonstige Musik (Spezial/Neu Limitiert)
21762,99406275,99406200,Soundtrack/Filmmusik
21763,99406280,99406200,World Music
21764,99406300,99400000,Music DVD
21765,99406310,99406300,Music-DVD & Blu-Rays
21766,99406400,99400000,Other (CD)
21767,99406410,99406400,"Merchandising (Literatur,Textil,Poster)"
21768,99406420,99406400,"Sonstige Musik Formate (Vinyl, Andere)"
21769,99406500,99400000,Music Cards
21770,99406510,99406500,Google Play Cards
21797,99406515,99406500,Itunes Cards
21771,99406520,99406500,Juke Cards
21772,99406600,99400000,PC Literatur und Sonstiges aus TT
21773,99406610,99406600,PC Literatur Anwendungssoftware
21774,99406620,99406600,Software Merchandise/Fanartikel
21775,99406700,99400000,Bücher
21776,99406710,99406700,Bücher Hardcover
21777,99406715,99406700,Bücher Softcover
21778,99406720,99406700,Bücher Posten/Aktionsware
21779,99406725,99406700,Hörbuch Erwachsene
21780,99406730,99406700,Hörspiel Erwachsene
21781,99406735,99406700,Kinderbücher
21782,99406740,99406700,Hörbuch Kinder
21783,99406745,99406700,Sachbücher/Ratgeber
21784,99406800,99400000,Entertainment Card
21785,99406810,99406800,E-Book Card
21786,99406820,99406800,Activision Blizzard Gaming Card
21787,99406830,99406800,Other Gaming Card
21788,99406840,99406800,Sony Card
21789,99406850,99406800,Ubisoft Gaming Card
21790,99406900,99400000,Software Card
21791,99406910,99406900,Adobe Software Card
21792,99406920,99406900,Microsoft Software Card
21793,99406930,99406900,Other Software Card
21794,99407000,99400000,Software (TT)
21795,99407010,99407000,Game Card Prepaid
21796,99407020,99407000,Sonstiges diverses Videospiel
21798,99407030,99407000,PC Spiel
21512,99600000,99000000,Diverse PC / Multimedia
21513,99604000,99600000,Diverse Massenspeicher / Laufwerke
21514,99604030,99604000,Disk Arrays
21515,99606000,99600000,Diverses Zubehör
21516,99606090,99606000,Sonstiges Server-Zubehör
21479,99990000,99000000,Diverse
21480,99999900,99990000,Diverse
21698,99999910,99999900,Diverses Fahrrad
21699,99999911,99999900,Diverses Fahrrad Zubehör
21517,99999920,99999900,Diverse Schuhe
21518,99999940,99999900,Diverse Sports
21519,99999960,99999900,Diverse Textil
21485,99999998,99999900,Diverse Spielwaren
21247,99999999,99999900,Diverse Produkte
